id,BasinID,COMID,name,quad,road,date_y1,date_y2,date_y3,instrument,lat,long,lat_trimble,long_trimble,elevation,bank,erosion_method,erosion_rate,nbs5,nbs2,nbs5name,nbs2name,nbs_largest,nbs5new,nbs2new,camera,bankratio,rdepth,rdensity,wrd,cover,bankindex,rootdepthindex,rootdensityindex,angleindex,coverindex,materialcorr,stratcorr,tree_score,bedrock,behi,behiname,behi_rpoke,behiname_rpoke,sei,lengthup,lengthdown,stratified,bheight,bdist,slope,slopeavg,angle_factor,meandepth,maxdepth,maxdepth_nb,bankfullwidth,channel_aspect_ratio,bankfullarea,hydraulic_radius,wetted_perimeter,unit_stream_power,depthratio,bd_cylinder,texture,psand,psilt,pclay,bd,rpoke,shear_strength,tlsdone,bankfull,newbankfullmeters,channel_slope,Q_bkf,U_bkf,Cf,Rc,Rc_field,veg_density_weighted,veg_pcover,COMID_1,gis,xs_bearing,declination,sam,P_annual_mean,PRISM_normal_annual,API,drainage_A_sqkm,ssurgo_bd_avg,curvature,evi_avg,forest_cover_2010,forest_cover_2005,model
BW02Y1,101,792100,Alligator Creek,30086f8,Pleasant Home St.,16 Dec 2013,14 Nov 2014,15 Jan 2016,survey,30.7445500002823,-86.8812199998031,30.74455,-86.88122,20,Right,Profile area,1.01,1.53192857140108,3.104667834953,Moderate,Very low,Moderate,8.58563896668264,5.65332724355342,GPS,1.73799126637555,100,35,35,86,7.14389568684597,1,5.5291914893617,4.13907692307692,1.65081016949153,10,0,2.5,0,29.4629742687761,Moderate,34.9604115970954,High,2.5,9.2,12.4,0,1.99,0,119,62,1,1.0346435399076,1.64899966529064,1.585,5.60446428571429,5.41680691904267,5.79862276785714,0.755643816387455,7.67375136552949,15.3423304308356,1.53192857140108,notch,Sand,96.32,2.82,0.86,1.29661467,29.87,30.125,no,130,-0.15,0.00363237,2.41329149347932,0.416183564631356,0.155455599181279,NaN,17.4,1.67814651566684,0.045,792100,0,83,-2.75,0,2111.0210720614,1663.441162,53.9798425413585,31.217403,1.481139,NaN,0.146969146656662,0.482876486217252,0.528764981798846,0
BW03Y1,102,791494,Panther Creek,30086g6,Sherman Kennedy Rd.,17 Dec 2013,14 Nov 2014,15 Jan 2016,survey,30.8445016786096,-86.7229366873782,30.84414,-86.72297,26,Left,Profile area,4.7187331081081,1.71572839379297,1.42705825710159,Moderate,Extreme,Extreme,29.6963989492333,31.1944531404106,JL,1.10087719298246,100,37,37,60,2.01186739010522,1,5.35970314893617,3.18933333333333,3.58481355932203,5,0,2.5,0,20.1457174316968,Moderate,24.3970049317349,Moderate,2.5,14.6,11.6,0,2.51,2.044,44,44,0.694658370458997,1.48042079922966,2.54999999242484,2.54,17.3083333333333,11.6914956493044,25.6236166666667,1.26416673361852,20.2691749317927,9.53665529791542,1.71572839379297,no notch,Loamy Sand,82.89,14.82,2.29,1.079701796,37.662,18.6666666666667,no,142,-0.36,0.0012582,13.3744545500658,0.521958110911971,0.0572732390014861,14.3244023073556,24.7,13.0297222799353,0.35,791494,1,254,-2.87,0,1914.35995169325,1604.074952,50.9064593605363,77.37145,1.501952,0.0698109406970856,0.142041293216393,0.549778462986776,0.571936447124838,1
BW04Y1,103,792072,Sweetwater Creek,30086g7,S55,18 Dec 2013,20 Nov 2014,20 Jan 2016,survey,30.8724042890268,-86.8441913210726,30.87241,-86.84402,30,Right,Pins,2.65,1.43555095051151,1.57406724343093,Low,Very high,Very high,22.6176255946258,25.9449338703723,JL,1.87982832618026,87,23,20.01,20,7.68334385082802,2.20100206043956,7.23315913838298,3.234375,7.11010817393796,5,0,2.5,0,32.4619882235885,High,34.4468626036623,High,2.5,14.9,21.7,0,2.19,2.489,45,45,0.707106781186547,1.4698189564419,2.03499999901859,2.11,15.7553624875291,10.7192538363155,23.1575304497838,1.23870178945128,18.6950004004129,7.32203675801269,1.43555095051151,no notch,Loamy Sand,79.44,16.91,3.65,0.947204338,32.99,18.6666666666667,no,213,-0.905,0.0010131,11.6086685980987,0.501291302337768,0.0489900348983258,14.233560529776,24.8,8.24010984177696,0.1625,792072,1,76,-2.79,0,1907.05429330479,1624.47939,50.4045701948009,109.414124,1.481139,0.0702564897875021,0.153155781806015,0.524140980871624,0.537965529010041,1
PR02Y1,104,2171877,Brushy Creek,30087h5,Nokomis Rd.,20 Dec 2013,25 Nov 2014,30 Jan 2016,survey,30.9786665623121,-87.5274321035087,30.9785,-87.52756,58,Left,Profile area,0.949438202247193,1.28692371949939,4.2466125939522,Low,Very low,Low,10.8793916345994,8.45398758705565,JL,1.06801346801347,100,30,30,12,1.59601965126723,1,6,4.92103846153846,9.06472727272727,0,0,2.5,0,22.581785385533,Moderate,29.2979218175142,Moderate,2.5,15.6,26.9,0,1.586,0.56,71,71,0.945518575599317,1.2898977420711,1.8099999999975,1.66,8.45379680998613,6.55385038228879,10.904533417129,0.988303095351092,11.0335922941283,8.65619109126625,1.28692371949939,no notch,Sandy Loam,62.83,24.94,12.22,0.991798319,22.72,16.1666666666667,no,98,-0.58,0.0015185,4.91290389201818,0.450537744632056,0.0725289846777045,NaN,35.9,4.56235204881197,0.01,2171877,0,311,-2.34,0,1822.81764028439,1625.183073,48.3610892530161,69.456934,1.017798,NaN,0.182652181081033,0.632168216610407,0.607803022399189,0
TC01Y1,105,NaN,Tenmile Creek,30087f2,Quintette Rd.,04 Feb 2014,09 Dec 2014,01 Feb 2016,survey,30.6737600003238,-87.2324100000214,30.67376,-87.23241,29,Right,Pins,0.2,1.46367101997911,5.96448,Low,Very low,Low,5.27025626879663,3.65497076024669,GPS,1.37078651685393,100,28,28,5.75,5.33832918042636,1,6.21312614742402,1.95,10,0,0,2.5,0,24.5014553278504,Moderate,23.0544643406333,Moderate,2.5,3.21,6.29,0,0.61,1.75,19,19,0.325568154457157,0.300614,0.393999970460924,0.44,3.65497076023392,12.1583517741486,1.09873538011696,0.258149452601357,4.25619876023392,0.806893789266336,1.46367101997911,no notch,Sandy Loam,57.3,33.43,9.27,0.383744856,68.182,15,no,162.6,-0.155,0.001847826,0.200612205483044,0.182584641500931,0.140369516244819,NaN,21.8,7.63417178002061,0.025,NaN,0,100,-2.5,1,2176.81083184812,1702.773738,53.2338903818081,0.130015,1.481139,NaN,0.171221700785752,0.588323740023753,0.539600628706718,0
PR01Y1,106,10853433,Elevenmile Creek,30087e3,Beulah Landfill,13 Dec 2013,11 Dec 2014,08 Jan 2016,survey,30.513516,-87.342185,30.5136,-87.342243,26,Left,Profile area,-7.35357142857143,1.63542977966918,2.72666191591164,Moderate,Low,Moderate,21.5925090399064,13.6884218149622,Dave,3.26547362333333,100,20,20,35,9.92135301227936,1,7.23459629842609,2.8,5.5291914893617,0,0,2.5,0,26.4851408000672,Moderate,27.9196758861631,Moderate,2.5,15,28,0,2.938926261,0,36,36,0.587785252292473,0.550314058841494,0.899999984162675,0.9,13.2029569892473,23.9916767110072,7.26577284946236,0.507968652274596,14.3035851069303,0.878382738977182,1.63542977966918,notch,Sandy Loam,74.06,18.12,7.82,1.214902091,43.802,17.1666666666667,no,107,-0.55,0.00063579,1.85958370872805,0.255937495880518,0.0483672927357177,37.4116729354535,36,6.41301254231837,0.35,10853433,1,266,-2.41,0,2148.390710424,1689.173674,53.8888419668995,64.907775,1.434633,0.0267296253157485,0.133575125031971,0.388034400544418,0.348102570857345,1
PR03Y1,107,448294,Pine Barren Creek,30087h4,Spill Rd.,19 Dec 2013,11 Dec 2014,30 Jan 2016,survey,30.9323190168092,-87.4553137509288,30.93227,-87.45522,57,Left,Pins,1.21666666666667,1.64873931364445,2.08491699046273,Moderate,Moderate,Moderate,8.06609619284698,6.05518455426023,JL,1.43283582089552,100,43,43,93,5.66487380763526,1,4.89372323404255,3.651,1.29302217514124,5,0,2.5,0,21.5026192168191,Moderate,18.3962064815834,Low,2.5,3.45,9.2,0,1.44,1.035,54,54,0.809016994374947,0.676274284705051,1.27899987783054,1.115,4.89228110599078,7.23416698910043,3.30852390552995,0.529802104701529,6.24482967540089,2.60154048476569,1.64873931364445,no notch,Loamy Sand,81.69,15.15,3.16,0.884662577,90.909,37,no,149,-0.515,0.0013573,0.955961863343759,0.288939082998898,0.0844979077328938,NaN,10.2,3.99867612811318,0.044,448294,0,199,-2.38,0,1699.96802429641,1628.884912,46.1104471840123,38.29208,1.017798,NaN,0.176967970756924,0.529938347756967,0.457384181528801,0
CW01Y1,108,793438,Manning Creek,30087g1,Hwy 87,25 Jan 2014,09 Jan 2015,29 Jan 2016,survey,30.8019561105861,-87.0430195804892,30.80183,-87.04311,34,Right,Profile area,2.575,1.69299945497487,3.52885375494071,Moderate,Very low,Moderate,8.9235179605967,5.27752467786443,JL,1.34358974358974,100,28,28,40,5.1787595547067,1,6.21312614742402,4.06808974358974,5.12034042553192,10,0,2.5,0,31.5803158712524,High,30.5198840909476,High,2.5,5.81,3.23,0,1.31,0.715,116,61,1,0.652687747035573,1.14499994509689,1.105,5.27083333333333,8.0755818647934,3.44020833333333,0.523129423596958,6.57620882740448,3.51063443396609,1.69299945497487,no notch,Sand,88.97,8.28,2.75,1.217464599,65.909,17.8333333333333,no,165.5,-0.14,0.0018444,1.02278465302104,0.297303114788409,0.107086407733203,4.74859259540838,18.6,11.4980407512311,0.35,793438,1,163,-2.65,0,1953.95301769275,1681.037562,52.4505502970768,31.388705,1.481139,0.21058871232014,0.176177399214654,0.523987089624204,0.478785926093538,1
PC01Y1,109,793522,Reader Creek,30087f1,Oser Rd.,01 Feb 2014,09 Jan 2015,29 Jan 2016,survey,30.68641288055,-87.121704320398,30.68645,-87.12176,23,Right,Pins,0.4,1.58619525623849,2.88428207306712,Moderate,Low,Moderate,9.99898314023687,4.89019153224046,GPS,1.00961538461538,100,25,25,30,1.05409246510393,1,6.56528869294827,5.60388461538462,6,0,0,2.5,0,20.2232657734368,Moderate,20.7312093956845,Moderate,2.5,5.34,7.15,0,1.05,0.23,134,77,1,0.6493525913339,1.16499989436019,1.03,4.26449275362319,6.56729920005874,2.76915942028986,0.497763957350054,5.56319793629099,3.69193192320481,1.58619525623849,no notch,Loam,42.87,39.52,17.61,0.256534954,54.54,28.625,no,137,-0.26,0.0020219,0.804438276909475,0.290499084673598,0.116993730576125,9.34597761617431,12.3,4.46451404642691,0.05,793522,1,226,-2.58,0,2155.72347385761,1716.648168,53.2662033883175,29.103928,1.526334,0.106997902313545,0.160204365467842,0.527435907031974,0.446550816251123,1
SC01Y1,110,448382,Sevenmile Creek,30087f2,Quintette Rd.,04 Feb 2014,14 Jan 2015,01 Feb 2016,survey,30.6694300002943,-87.2129999997502,30.66943,-87.213,30,Right,Profile area,2.56915584415584,1.59006792306489,2.06722803513471,Moderate,Moderate,Moderate,5.76884079564526,4.52703895531202,GPS,1.43181818181818,100,40,40,40,5.65977573907142,1,5.12034042553192,7.90264552483292,5.12034042553192,0,0,2.5,0,24.8031021149682,Moderate,24.4488968496432,Moderate,2.5,1.4,1.3,0,0.945,0.99,123,89,1,0.393064969699721,0.624999755411132,0.625,3.62804677206851,9.23014527303242,1.42605809453228,0.323063209233877,4.41417671146795,2.97686915041914,1.59006792306489,no notch,Sandy Loam,69.85,20.38,9.77,0.354613807,68.182,20.1666666666667,no,188.5,-0.5325,0.003367,0.327012181314676,0.229311963214184,0.202929974942299,NaN,7.5,5.30180111780887,0.15,448382,0,150,-2.51,1,2183.16842826517,1708.220536,53.6297174084741,13.113623,1.481139,NaN,0.175842107054989,0.4025,0.522807055099194,0
SC02Y1,111,448382,Sevenmile Creek,30087f2,Quintette Rd.,18 Feb 2014,14 Jan 2015,01 Feb 2016,survey,30.6697699997857,-87.2120999996152,30.66977,-87.2121,23,Right,Profile area,2.21067415730337,1.49498816894773,2.34645383638672,Low,Low,Low,6.24384073894607,4.68184342933073,GPS,1,100,35,35,35,1,1,5.5291914893617,4.13907692307692,5.5291914893617,0,0,2.5,0,17.1974599018003,Low,15.899098186767,Low,2.5,7.9,8.6,0,0.775,0,62,62,0.882947592858927,0.545154815889715,0.8725,0.815,4.17651515151515,7.66115428091542,2.27684734848485,0.432299809119642,5.26682478329458,4.16213515753698,1.49498816894773,no notch,Silt Loam,25.36,54.68,19.96,0.305570745,71.429,15.1666666666667,no,145.25,-0.08,0.0028345,0.625213292961812,0.274596052026881,0.159419680580756,NaN,9.8,2.40821684197703,0.17,448382,0,128,-2.51,1,2125.95902723188,1708.509454,54.0903466343857,12.424322,1.481139,NaN,0.172050384565792,0.538482884134309,0.524750086923153,0
AL01Y1,112,2171325,Alligator Creek,30087f4,CR 99,25 Feb 2014,21 Jan 2015,12 Feb 2016,survey,30.6959116036377,-87.4360870567722,30.69584,-87.43588,18,Right,Profile area,3.4088122605364,1.34258357575616,2.92263779527559,Low,Low,Low,6.75279659885277,5.12027456872262,GPS,1.55636363636364,100,30,30,30,6.28590848471361,1,6,2.55,6,0,0,2.5,0,21.8359084847136,Moderate,24.4293445730847,Moderate,2.5,2,4,0,2.14,0,119,31,1,1.03345521653543,2.14999981295152,1.3875,5.02970297029703,4.8668804316056,5.19797277227723,0.732458213069686,7.0966134033679,6.07700437854507,1.34258357575616,notch,Sandy Loam,74.85,19.23,5.91,0.531203008,44.318,30.8333333333333,no,156.25,-0.7725,0.0016232,1.91970403610312,0.36931783220213,0.0855112665670985,17.1904285962903,14.7,1.42528515772602,0.366666666666667,2171325,1,123,-2.36,1,1982.7606400417,1675.5069,53.7150352457712,31.249567,1.017798,0.0581719062092379,0.198357795783503,0.565199155625384,0.504563179371816,1
PE01Y1,113,2171355,Penasula Creek,30087f4,Hwy 196,25 Feb 2014,21 Jan 2015,05 Feb 2016,survey,30.6854615021467,-87.4035349846518,30.68539,-87.40351,28,Left,Profile area,5.07705479452055,1.41353201330097,3.05040417818871,Low,Very low,Low,6.18627935029027,4.42413619293458,GPS,1.06122448979592,100,50,50,50,1.51776895681221,1,4.38229787234043,3.651,4.38229787234043,5,0,2.5,0,19.9333647014931,Low,18.782863027327,Low,2.5,6.83,10.35,0,1.43,1.055,103,54,1,0.956823041341352,1.45749996864569,1.3525,4.37646922183507,4.57395885418874,4.18750659117305,0.66572811283212,6.29011530451778,11.4093278284534,1.41353201330097,no notch,Loamy Sand,82.93,13.02,4.05,0.962686062,78.18,17.6666666666667,no,160,-0.295,0.0032334,1.57434144267893,0.375961543797333,0.14939583496451,NaN,13.35,2.52095060457055,0.25,2171355,0,27,-2.39,0,2070.61229500913,1682.690425,54.2587701752373,17.463455,1.434633,NaN,0.172050510289469,0.44107768368289,0.402691301150029,0
JM01Y1,114,897351,Julian Mill Creek,30086f7,Garner Landing Rd,04 Mar 2014,30 Jan 2015,12 Feb 2016,survey,30.661137,-86.793913,30.661,-86.79395,19,Left,Profile area,5.055625,1.16352416959588,-7.40653748287336,Low,Very low,Low,5.40404089315033,4.64454545454545,GPS,1.1858407079646,100,40,40,20,3.80019052999038,1,5.12034042553192,5.86370512820513,7.11010817393796,0,0,2.5,0,22.8943442576654,Moderate,23.8410470820318,Moderate,2.5,2.88,1.95,0,0.67,0,79,79,0.981627183447664,0.721944607555295,1.00999998473335,0.84,4.64454545454545,6.43338201565516,3.35310454545454,0.550733435995622,6.08843466965604,6.2889269791812,1.16352416959588,no notch,Sandy Loam,67.56,18.67,13.77,0.687313938,60.6,28.1666666666667,no,142,-0.275,0.0027466,1.08417347604808,0.323334229920682,0.141939247847026,NaN,-34.4,2.41713752597037,0.2,897351,0,230,-2.8,1,2154.55657913526,1665.271817,55.3205844218059,8.326766,1.481139,NaN,0.15353893745596,0.243086158084132,0.335839781394214,0
JM02Y1,115,897351,Julian Mill Creek,30086f7,Garner Landing Rd,04 Mar 2014,30 Jan 2015,12 Feb 2016,survey,30.661097,-86.793961,30.661,-86.79395,19,Right,Profile area,2.26848591549296,1.26048451706221,7.99001761597182,Low,Very low,Low,5.85437763424619,4.64454545454545,GPS,1.07692307692308,100,35,35,40,1.70323167956304,1,5.5291914893617,4.82051282051282,5.12034042553192,5,0,2.5,0,23.1732764149695,Moderate,20.6318902479242,Moderate,2.5,4.25,9.91,0,0.91,0,70,70,0.939692620785908,0.721944607555295,1.00999998473335,0.91,4.64454545454545,6.43338201565516,3.35310454545454,0.550733435995622,6.08843466965604,6.20911291269039,1.26048451706221,no notch,Loamy Sand,81.02,10.39,8.59,0.860285132,80.1,18.6666666666667,no,142,-0.275,0.0027155,1.0826732139907,0.322886805142527,0.140721243103614,NaN,37.11,4.98190763742759,0.14,897351,0,48,-2.8,0,2154.55657913526,1665.271817,55.3205844218059,8.326766,1.481139,NaN,0.157561560210848,0.282204840502622,0.361434603715881,0
JM03Y1,116,897351,Julian Mill Creek,30086f7,Garner Landing Rd,04 Mar 2014,30 Jan 2015,12 Feb 2016,survey,30.660862,-86.793565,30.66104,-86.79363,19,Left,Profile area,4.23563218390805,1.5501372442907,2.26444827815009,Moderate,Low,Moderate,5.49696903734238,4.08295678407713,GPS,1.82835820895522,100,25,25,10,7.50542451532711,1,6.56528869294827,4.13907692307692,10,10,0,2.5,0,39.2097901313523,High,37.0258568282345,High,2.5,2.4,2.9,0,1.225,0,62,62,0.882947592858927,0.561240627695574,1.37999989475686,0.87,3.54611764705882,6.31835521533607,1.99022529411765,0.426300338860385,4.66859890244997,3.60614463089465,1.5501372442907,no notch,Sand,89.98,4.97,5.05,1.024810736,70.5,33.125,no,154,-0.45,0.0024515,0.531788335821532,0.267200068953649,0.143596366573563,NaN,8.03,10.1395441520539,0.35,897351,0,250,-2.8,1,2154.55657913526,1665.271817,55.3205844218059,8.326766,1.481139,NaN,0.170258341602466,0.614228161752653,0.470554424281519,0
BG01Y1,117,897707,Big Creek,30086h5,New Ebenezer Rd.,25 Mar 2014,18 Feb 2015,13 Feb 2016,survey,30.9785743080579,-86.501166205456,30.97861,-86.50119,51,Right,Profile area,5.38537037037037,2.03707638861649,1.34541003671971,High,Extreme,Extreme,20.8036426187459,19.3288626271117,GPS,0.987087517934003,100,45,45,35,1,1,4.74689361702128,3.18933333333333,5.5291914893617,5,0,2.5,0,20.4654184397163,Moderate,22.296659338407,Moderate,2.5,15.5,4.5,0,1.72,1.8,126,44,1,0.897119033047736,1.8649999974228,1.8275,10.2125,11.3836621716804,9.161828125,0.763057216253521,12.0067380660955,3.05813862217003,2.03707638861649,no notch,Loamy Sand,77.54,17.53,4.93,0.982611637,57.58,14.625,yes,91.5,-0.1025,0.00097344,3.2708036473531,0.357003384338549,0.0571729541412772,13.493174758129,13.74,5.9716678664281,0.21,897707,1,203,-3.04,1,1474.32393505647,1566.576531,50.4647610259378,36.62315,1.527604,0.0741115429041297,0.185091560483527,0.590597313791956,0.578179214517133,1
BG02Y1,118,897707,Big Creek,30086h5,New Ebenezer Rd.,25 Mar 2014,18 Feb 2015,13 Feb 2016,survey,30.978381,-86.501346,30.97835,-86.50149,51,Left,Profile area,10.1082661290323,2.02594441200329,1.03503902862099,High,Extreme,Extreme,22.9011167356842,19.9076453438412,GPS,1.13850837138508,100,60,60,60,2.75599100904771,1,3.58481355932203,3.368,3.58481355932203,10,0,2.5,0,24.2936181276918,Moderate,30.8478332301188,High,2.5,10.9,15.7,0,1.87,1.66,129,48,1,0.820604943625325,1.63329999227052,1.6625,11.3039215686275,13.7751078109379,9.27605392156862,0.716566993018566,12.9451314558781,2.84928405238081,2.02594441200329,no notch,Sand,90.23,7.12,2.65,1.188058187,34.54,20.1666666666667,no,156.5,-0.28,0.0010286,3.19221980068434,0.344135537338977,0.0610538818228397,6.65207418326257,11.7,4.4360478160732,0.4125,897707,1,173,-3.04,1,1474.32393505647,1566.576531,50.4647610259378,36.62315,1.501952,0.15032905112756,0.180952872577254,0.601275563950028,0.560337039007237,1
CH01Y1,119,2133658,Hollis Branch,30085e2,Johnny Boy Landing,12 Mar 2014,21 Feb 2015,05 Mar 2016,survey,30.554689,-85.166704,30.5547,-85.1667,17,Right,Profile area,2.21398601398601,1.50858300436006,1.51948732417073,Moderate,Very high,Very high,6.45335395192713,7.28553488016559,GPS,1.82291666666667,100,60,60,60,7.48533123984425,1,3.58481355932203,3.368,3.58481355932203,5,0,2.5,0,24.0229583584883,Moderate,29.161454978317,Moderate,2.5,12.05,11,0,1.75,1.59,72,48,0.951056516295154,0.669502438434565,1.00999995167617,1.01,4.27775862068966,6.38945935834369,2.86396982758621,0.509896816704313,5.61676349755879,5.12374227622006,1.50858300436006,no notch,Loamy Sand,85.91,8.51,5.58,1.095845998,43.434,21.8333333333333,yes,249,-0.86,0.002566,0.87080582210737,0.304055515431633,0.138836030655849,5.51715291677275,6.5,12.2588774269228,0.063,2133658,1,142,-3.89,0,1727.09798185553,1484.516016,44.6956457927218,4.646002,1.608865,0.18125290617918,0.191374235637911,0.517749113179137,0.573609287634765,1
OR01Y1,120,10365586,Blue Creek,30084d6,Hwy 20,11 Mar 2014,21 Feb 2015,05 Mar 2016,survey,30.3835314713004,-84.7461413837178,30.3836,-84.74607,27,Right,Profile area,0.67328125,1.68262199929136,3.22433083769802,Moderate,Very low,Moderate,8.75666876922181,5.23143127944296,GPS,1.6008064516129,100,20,20,10,6.50701820229113,1,7.23459629842609,8.52576047882694,10,10,0,2.5,0,43.2673749795442,Very high,46.6727185881105,Extreme,2.5,17.8,5.7,0,1.985,0,73,111,0.956304755963035,0.802319237813695,1.88499999293097,1.35,5.20418060200669,6.48642131053468,4.17541421404682,0.61323618184575,6.80881907763408,11.6485183597873,1.68262199929136,no notch,Sand,93.41,4.6,1.99,1.183884019,31.818,21.6666666666667,yes,167.5,-0.415,0.0027653,1.4552954180422,0.348539173226536,0.136941739015595,3.99743239584948,16.78,10.6496720971772,0.1,10365586,1,45,-4.15,0,1676.45117936625,1474.252842,42.947384546313,5.624814,1.520764,0.250160578334807,0.18393505040953,0.529977837855676,0.599098689706751,1
FR01Y1,121,10365076,Freeman Creek,30084d5,Hwy 267,11 Mar 2014,22 Feb 2015,04 Mar 2016,survey,30.3882897932394,-84.5841177702189,30.38815,-84.58379,35,Right,Profile area,4.39875,1.63672460413399,1.83680883866731,Moderate,High,High,6.3889693715516,5.49071719252088,GPS,1.11245954692557,100,50,50,40,2.19789088770515,1,4.38229787234043,5.24492307692308,5.12034042553192,0,0,2.5,0,17.9454522625006,Low,21.9906518244253,Moderate,2.5,4.9,5.2,0,1.1,0,115,74,1,0.750767720419389,1.22879991238956,1.2288,3.90350909090909,5.19935658492155,2.93062862181818,0.54220249335679,5.40504453174787,6.11927354396453,1.63672460413399,no notch,Sandy Loam,62.05,28.85,9.11,0.731018206,45.455,17.1666666666667,no,148,-0.4062,0.0026135,0.93176626465329,0.31794075090798,0.13751834306715,4.53374101076909,7.17,8.68483877053716,0.55,10365076,0,246,-4.26,0,1746.25842259932,1489.926508,46.152119738187,16.310165,1.597614,0.220568399832429,0.165349511630061,0.473918216754683,0.577628361161896,1
PK01Y1,122,10365520,Polk Creek,30084d5,Hwy 20,12 Mar 2014,22 Feb 2015,04 Mar 2016,survey,30.4295664619227,-84.5285109020565,30.42962,-84.52843,38,Left,Profile area,2.33364485981308,1.82553505903965,0.781626506024096,High,Extreme,Extreme,20.2025879867055,16.6855190337784,GPS,1.13294797687861,100,15,15,10,2.62637641612738,1,8,3.234375,10,10,0,2.5,0,34.8607514161274,High,38.711347862438,High,2.5,4.5,11,0,1.47,1.453,119,45,1,0.723075677710844,1.31999996309767,1.32,11.0666666666667,15.3049908990193,8.0020375,0.639507222583621,12.5128180220884,6.07574639513997,1.82553505903965,no notch,Sand,91.05,5.33,3.63,1.183725622,26.154,32.625,no,165.5,0.0725,0.0024259,2.82564759133189,0.353116014681497,0.122054143361287,5.97416878736441,8.65,2.67386448821394,0.053,10365520,1,59,-4.3,0,1748.69805695602,1476.827515,45.7948761564489,8.416151,1.499182,0.16738730283534,0.163652697829463,0.66486830250597,0.532420717806875,1
TG01Y1,123,10365580,Telogia Trib.,30084d7,Hwy 20,11 Mar 2014,22 Feb 2015,05 Mar 2016,survey,30.3960033323879,-84.8087767126751,30.396,-84.80885,29,Left,Profile area,0.953009259259259,1.22559956541381,1.66715151515152,Low,Very high,Very high,3.88892169794768,4.93486437201866,GPS,1.38095238095238,100,60,60,30,5.39481435517202,1,3.58481355932203,4.45353846153846,6,10,0,2.5,0,30.4331663760325,High,34.7084675948161,High,2.5,8.1,14.16,0,1.305,0,66,66,0.913545457642601,1.09334242424242,1.62,1.34,3.17307692307692,2.90218037160274,3.46925961538461,0.647278696936135,5.35976177156177,7.7501694267582,1.22559956541381,no notch,Sand,91.11,5.54,3.35,1.047437626,49.351,13.5,yes,156.5,-0.235,0.0020776,1.21224944373589,0.349425980794319,0.108046790836995,5.89233238083897,5.29,4.27655033753035,0.043,10365580,1,236,-4.11,0,1682.35605791749,1470.82666,42.6276616672302,2.147107,1.520764,0.169712082646909,0.187241883716011,0.469172235310537,0.501861894985916,1
CC01Y1,124,2413238,Cedar Creek,31087b1,New Fish Pond Rd,13 May 2014,28 Apr 2015,26 Feb 2016,survey,31.135319,-87.014974,31.13534,-87.01515,30,Right,Profile area,15.1031615925059,1.30847953665424,1.48409755246281,Low,Extreme,Extreme,30.4175045229735,40.4626829167038,GPS,1.61725067385445,100,45,45,32,6.58743630012474,1,4.74689361702128,2.35,5.80254229787234,10,0,2.5,0,30.4868722150184,High,38.7618957280967,High,2.5,11.4,6.4,0,3,6,61,27,0.874619707139396,1.5819888213865,2.15759993116701,2.07,23.2464503042596,14.6944466294558,36.7756245182556,1.39246605893743,26.4104279470326,1.47792359706947,1.30847953665424,no notch,Sand,94.51,2.66,2.83,1.249561699,21.59,12.8333333333333,yes,253.5,-0.135,0.0007249,19.1896710807549,0.521804084420894,0.0363677787967437,22.6378444227057,34.5,7.24562711730529,0.05,2413238,1,263,-2.71,0,1447.03998937723,1618.098761,47.4794076023052,218.013766,1.572888,0.0441738171412205,0.177393862768611,0.396347182900488,0.406914615509159,1
CC02Y1,125,2413238,Cedar Creek,31087b1,New Fish Pond Rd.,13 May 2014,28 Apr 2015,01 Mar 2016,survey,31.135747,-87.015774,31.13555,-87.01564,30,Right,Profile area,7.54702291255043,1.67976298248583,1.89469903043307,Moderate,High,High,39.9128981737153,32.3602530742666,GPS,2.60134003350084,100,50,50,70,8.74342079365045,1,4.38229787234043,2.9,2.73166101694915,5,0,2.5,0,24.75737968294,Moderate,36.6731698331788,High,2.5,4.35,10.2,0,3.8825,5,38,38,0.615661475325658,0.888518210939078,1.49249999181745,1.4925,23.7610297344744,26.7423103341476,21.1121076297454,0.826691711913113,25.5380661563526,0.810368662574043,1.67976298248583,no notch,Loamy Sand,87.1,8.68,4.22,1.195119488,11.364,17.1666666666667,yes,349.5,0.54,0.0007249,7.68526570356884,0.364021718643612,0.0443645518881547,56.2717878513178,45.02,0.354666403377742,0.16,2413238,1,181,-2.71,0,1447.03998937723,1618.098761,47.3612585795526,218.013766,1.572888,0.01777089440702,0.15753322204642,0.344739069300231,0.493759791272328,1
MC01Y1,126,897047,Mill Creek,30086g6,Old River Rd.,23 May 2014,21 May 2015,15 Apr 2016,survey,30.765591,-86.635146,30.76556,-86.63513,32,Right,Profile area,0.910197368421052,1.59018657907348,3.0222308014027,Moderate,Very low,Moderate,7.89244774920286,5.02377132622762,GPS,1.45454545454545,100,47,47,47,5.77281917544398,1,4.60148017021277,3.504625,4.60148017021277,10,0,2.5,0,29.4804045158695,Moderate,33.2047768495495,High,2.5,8.5,8.8,0,0.88,0.72,51,51,0.777145961456971,0.650867020021662,1.035,1.035,4.96322120502448,7.62555338087233,3.23039699542261,0.515629700302455,6.26495524506781,4.62520590362386,1.59018657907348,no notch,Sand,90.85,6.14,3.01,1.153880041,46.154,12.5,no,169,-0.855,0.0023854,0.981087883676599,0.303705050824024,0.130816979691192,10.5709245851392,15,9.93003100536027,0.47,897047,1,6,-2.92,1,1451.16897069295,1626.858757,51.228774574508,11.114437,0.528871,0.0945991045481315,0.186126008193207,0.559573485371223,0.5310016925551,1
MH01Y1,127,2410552,Mendenhall Creek,31086a7,CR 53,22 May 2014,21 May 2015,15 Apr 2016,survey,31.118842,-86.825614,31.1181899997687,-86.82539,25,Right,Profile area,-1.01509661835749,1.16351606754298,7.86709933635376,Low,Very low,Low,9.47881796344695,8.14670138888889,Ricoh,2.3444976076555,100,20,20,15,8.48596555088229,1,7.23459629842609,3.18933333333333,8,5,0,2.5,0,32.9098951826417,High,34.3332624017211,High,2.5,16.95,6.2,0,2.45,2.53,75,44,0.965925826289068,0.928220958977091,1.08,1.08,8.14670138888889,8.77668329948791,7.56193897569444,0.755956277315489,10.0031433068431,8.5069400368439,1.16351606754298,no notch,Loamy Sand,77.88,17.41,4.71,1.274949427,43.878,6.5,no,253,-1.35,0.0023646,2.98794024882979,0.395128849681757,0.112317102195684,-243.300477086128,64.09090909,2.70728119049692,0.29,2410552,1,246,-2.83,1,1461.51931979734,1605.917202,43.9865600305332,19.767481,1.572888,-0.00411014401605962,0.178284704429238,0.561637959265697,0.526980764737836,1
CC03Y1,128,2410402,Cedar Creek,31086b8,Powerline trail,20 May 2014,22 May 2015,16 Apr 2016,survey,31.16476,-86.98151,31.164826,-86.981472,48,Right,Profile area,0.535691169919251,1.62751202719494,2.71739456881483,Moderate,Low,Moderate,77.8600818458318,49.6562883736429,Ricoh,1.75,55,25,13.75,32.5,7.19510313464349,3.68810096153846,8.21014217342342,2.25,5.7551914893617,10,0,2.5,0,37.0985377589671,High,40.7127236579757,Very high,2.5,4.21,4.2,0,3.675,8,25,25,0.422618261740699,1.53762304559625,1.17,2.5025,47.8399425287356,31.1129198185142,73.5597981321839,1.44475155893644,50.9151886199281,2.63988336496805,1.62751202719494,no notch,Sand,98.13,0.44,1.43,1.628763441,16.529,14.1666666666667,yes,392.75,-0.14,0.0013104,42.3126285545234,0.575214038495448,0.0561315597152743,131.41559315712,130,0.29209890112476,0.16,2410402,1,87,-2.73,1,1367.25202469256,1610.009087,47.9398350417304,200.818337,1.543017,0.00760944706770376,0.112801266816668,0.349054234079128,0.318166823693507,1
TR01Y1,129,2413504,Travis Creek,31087a1,CR 55,20 May 2014,22 May 2015,16 Apr 2016,survey,31.058158,-87.047165,31.0582,-87.04712,24,Right,Profile area,2.88260869565217,1.30191792723481,0.789391860996799,Low,Extreme,Extreme,13.6889158983775,15.9271368607794,Ricoh,1.05673758865248,100,25,25,30,1.46785703541271,1,6.56528869294827,3.279,6,5,0,2.5,0,23.312145728361,Moderate,27.5128076574926,Moderate,2.5,11.9,9.91,0,1.49,1.46,59,46,0.857167300702112,1.13678440786465,1.48999997383717,1.48,10.5144230769231,9.24926749890374,11.9526322115385,0.934676242515144,12.7879918926524,15.5800175383256,1.30191792723481,no notch,Loamy Sand,84.2,12.84,2.97,0.979299899,31.169,3.66666666666667,no,132,-0.075,0.0029705,5.62209600904801,0.470364678637123,0.123109159122337,1.74793271524154,8.3,3.27656375298391,0.09,2413504,1,355,-2.67,1,1413.02945298591,1683.33812,44.6637497054352,11.489043,1.572888,0.572104401548326,0.182890602363796,0.546336089237658,0.538346034526839,1
OT01Y1,130,2402125,Old Town Creek,31086d7,Hwy 31,06 Jun 2014,27 May 2015,03 May 2016,survey,31.45066,-86.83244,31.45011,-86.83145,79,Right,Profile area,14.5444444444444,1.64671144944631,2.33917355371901,Moderate,Low,Moderate,24.4982072192217,16.7140879471366,Ricoh,1.12185686653772,100,32.5,32.5,55,2.38209726108666,1,5.7551914893617,3.504625,4,10,0,2.5,0,26.6419137504484,Moderate,33.4676757663251,High,2.5,4.1,5.8,0,2.9,2.365,51,51,0.777145961456971,1.60926797520661,2.625,2.65,14.8770491803279,9.2446064978195,23.9411588114754,1.32303866597846,18.0955851307411,18.6218120507915,1.64671144944631,no notch,Sand,94.33,3.45,2.21,1.093764825,23.232,7.5,no,137.5,-0.14,0.002013423,13.6540553938986,0.570317230732959,0.0803421748084488,NaN,34.8,6.55432484627271,0.283333333333333,2402125,0,349,-2.87,1,1275.82888961796,1541.452002,39.7841004564916,2.953103,1.6,NaN,0.144406351642571,0.550744994319198,0.50588200744834,0
PW01Y1,131,2402045,Piney Woods Creek,31086d7,Hwy 31,27 May 2014,27 May 2015,03 May 2016,survey,31.4746700002204,-86.7744499998676,31.47467,-86.77445,87,Right,Profile area,0.320833333333334,1.43088258603245,4.23486152032999,Low,Very low,Low,19.968813721193,13.9559311858082,Ricoh,2.14375,100,35,35,75,8.24405782058072,1,5.5291914893617,3.412875,2.33925423728814,10,0,2.5,1,5,Very low,5,Very low,0,7.89,5.18,0,1.715,1.88,49,49,0.754709580222772,0.716341096051856,1.59999998855125,1.025,13.9555921052632,19.4817694840907,9.99696414473684,0.649648164021059,15.3882742973669,6.86117689238558,1.43088258603245,no notch,Sand,83.53,10.21,6.26,1.235361345,37.755,25.3333333333333,no,207,-1.24,0.0027,3.61540990706426,0.361650782649619,0.13156251540746,NaN,59.1,2.79902322487753,0.383333333333333,2402045,0,54,-2.91,1,1329.14452224872,1497.358989,40.6202978635843,48.009517,1.6,NaN,0.176876916310408,0.499975308556348,0.520599288096545,0
BC01Y1,132,2324406,Buck Creek,31086d5,CR 51 N,06 Jun 2014,29 May 2015,04 May 2016,survey,31.4567399998512,-86.5959699998156,31.45674,-86.59597,94,Left,Profile area,2.88260869565217,1.44291870018927,3.62136832239925,Low,Very low,Low,11.7143040996888,8.12495367776539,Ricoh,1.46181818181818,100,22,22,37,5.80882182504102,1,6.95489804698315,3.143625,5.35970314893617,10,0,2.5,0,32.2670480209603,High,34.0726668562818,High,2.5,8,13.7,0,2.01,2.18,43,43,0.681998360062498,0.961592638461195,1.38749989780735,1.3875,8.11847826086957,8.44274169346938,7.80666893115942,0.777427853639878,10.041663537792,13.6619024507877,1.44291870018927,no notch,Sand,89.36,4.7,5.94,1.005192178,43.182,9.66666666666667,no,148.25,-0.9275,0.00343577,3.29106267536657,0.421570673021713,0.147439009568246,NaN,29.4,8.57326578527521,0.1425,2324406,0,280,-3.03,0,1335.10057868513,1489.619046,42.6875121442446,21.852652,1.429547,NaN,0.170454913060847,0.512587028019227,0.486578338785561,0
BC02Y1,133,2324486,Buck Creek,31086d5,CR 51 N,06 Jun 2014,29 May 2015,04 May 2016,survey,31.3929800003268,-86.5531399996113,31.39298,-86.55314,57,Left,Profile area,3.23926701570681,1.0850752573285,2.13072279327786,Low,Moderate,Moderate,15.11460511856,16.8956603977174,Ricoh,1.15407854984894,100,40,40,20,3.12763250355643,1,5.12034042553192,3.60070833333333,7.11010817393796,10,0,2.5,0,29.9587894363596,Moderate,31.9108892024349,High,2.5,2.8,21.5,0,1.91,1.44,53,53,0.798635510047293,1.57592755751346,2.0499999665457,1.71,13.9295454545455,8.838950361731,21.9519545454545,1.28513785834156,17.0814005695724,21.7452267889039,1.0850752573285,no notch,Sand,93.66,3.01,3.34,1.265273095,54.545,14.1666666666667,no,207,-0.315,0.00245641,12.5711339455935,0.572665815226762,0.0944315380813195,NaN,29.68,8.70681629221604,0.0825,2324486,0,200,-3.05,0,1323.38542619458,1495.56881,39.2430666548937,54.13259,1.429547,NaN,0.175283433540811,0.575179020793156,0.581295915537504,0
BB01Y1,134,476083,Bishop Branch,30086f2,Boy Scout Rd.,09 Jun 2014,03 Jun 2015,12 May 2016,survey,30.70851,-86.21018,30.70851,-86.21018,50,Right,Profile area,1.478125,1.16347027995081,4.58288828337875,Low,Very low,Low,4.44784992439529,3.82292597923029,Ricoh,1.15270935960591,100,35,35,28,3.09504314060064,1,5.5291914893617,5.36057692307692,6.20017938247726,10,0,2.5,0,31.1849909355165,High,39.6547696899305,High,2.5,37.5,21.4,0,1.17,0.33,108,75,1,0.997017302452316,1.15999999627579,1.16,3.82291666666667,3.83435338309939,3.8115140625,0.655242563424537,5.8169512715713,11.2957975746171,1.16347027995081,no notch,Sand,91.24,6,2.76,1.251753203,18.2,14.6666666666667,yes,159,-0.1375,0.0031196,1.41119570115467,0.370245440004767,0.146281896753161,NaN,17.52,7.36674839071055,0.4,476083,0,187,-3.2,1,1660.1559651468,1609.979996,55.3123216513725,5.326482,1.539014,NaN,0.157010263778687,0.643033295921626,0.497659912063002,0
BB02Y1,135,476083,Bishop Branch,30086f2,Boy Scout Rd.,09 Jun 2014,03 Jun 2015,12 May 2016,survey,30.7085900003283,-86.2087500000125,30.70859,-86.20875,50,Left,Profile area,4.34166666666667,1.39562467999177,3.3607650273224,Low,Very low,Low,5.55215905301073,3.98953968041847,Ricoh,1.03529411764706,100,17.5,17.5,23,1.25218807246082,1,7.60578131322812,6,6.72337445375743,5,0,2.5,0,27.5813438394464,Moderate,28.1392929169369,Moderate,2.5,9.5,27,0,1.32,0.213,116,80,1,0.913569398907105,1.34899974284189,1.275,3.97826086956522,4.35463455138096,3.63441739130435,0.626040858431533,5.80539966737943,19.4365944836587,1.39562467999177,no notch,Loamy Sand,82.97,10.34,6.69,1.101781513,47.27,22.5,yes,139.5,0.215,0.0056271,1.40088738020016,0.385450329274755,0.232605230750445,NaN,13.37,3.88504648518833,0.08,476083,0,338,-3.2,1,1660.1559651468,1609.979996,55.3123216513725,5.326482,1.539014,NaN,0.178189653209509,0.577477223394937,0.592199528307627,0
CM01Y1,136,476127,Cosson Mill Creek,30086f2,Corbin Gainey Rd,09 Jun 2014,03 Jun 2015,12 May 2016,survey,30.688360000014,-86.1872100004411,30.68836,-86.18721,43,Left,Profile area,6.5496875,1.58323801035213,1.24084181941616,Moderate,Extreme,Extreme,9.40366769858343,11.8176556072116,Ricoh,1.36871508379888,100,20,20,52,5.32662762889015,1,7.23459629842609,4.72357692307692,4.23298995744681,0,0,2.5,0,22.51779080784,Moderate,23.0477902540947,Moderate,2.5,3.25,21.8,0,1.225,0.43,138,69,1,0.604773251866938,0.957499999778383,0.9575,5.93951612903226,9.82106287058321,3.59206048387097,0.502451953268329,7.14906263276614,4.8997730994411,1.58323801035213,no notch,Clay,31.77,18.11,50.11,1.274881996,50,9.16666666666667,yes,207.25,-0.715,0.0027243,1.08904676396653,0.303181633175875,0.146087380059866,NaN,7.37,2.51406905203618,0.11,476127,0,311,-3.21,0,1671.44345549546,1611.03776,55.0462123253937,7.882425,0.807213,NaN,0.167424174515272,0.564848686923585,0.583987526258261,0
SM01Y1,137,476171,Sconniers Mill Creek,30086f2,Hwy 278,12 Jun 2014,03 Jun 2015,14 May 2016,survey,30.67906,-86.16288,30.67912,-86.16287,28,Right,Profile area,138.338656428435,1.22598352723468,1.41753013100437,Low,Extreme,Extreme,13.2930979042017,19.6549250215927,Ricoh,1.49844236760125,30,32,9.6,60,5.99205509270744,6,9.00099537297297,3.279,3.58481355932203,10,10,8.5,0,47.8568640250024,Extreme,47.3725984267363,Extreme,8.5,7.3,6.8,1,2.405,2.18,46,46,0.719339800338651,1.4763656768559,2.02499997875606,1.81,10.842803030303,7.34425298574682,16.0079422348485,1.16037130489104,13.7955343840148,9.92230535131393,1.22598352723468,no notch,Sand,88.4,7.11,4.49,1.452022927,19.835,29.8333333333333,yes,175.5,-0.4,0.00137743566745007,7.96264320896281,0.497418287256718,0.0633714751637639,11.9435696674822,15.37,0.227608232465388,0.23,476171,1,68,-3.23,1,1688.55857853728,1610.646541,55.0150061945406,19.537009,0.807213,0.0837270621632176,0.157648662973259,0.43894087378214,0.496053251348217,1
SM02Y1,138,476171,Sconniers Mill Creek,30086f2,Hwy 278,12 Jun 2014,03 Jun 2015,14 May 2016,survey,30.678533,-86.16237,30.67841,-86.16212,28,Left,Profile area,-19.3124324689203,1.42222187120621,2.25048669695003,Low,Low,Low,16.1150287024174,13.1109330804449,Ricoh,1.21142857142857,100,12,12,22,4.12170503329514,1,8.52757837837838,3.412875,6.84335668744179,10,0,2.5,0,33.9055150991153,High,37.7949528735521,High,2.5,5.66,5.2,0,2.12,1.845,49,49,0.754709580222772,1.43789097988319,2.04499996495189,2.045,11.3308823529412,7.88020963443393,16.2925735294118,1.14682610715581,14.2066643127076,12.1833555048987,1.42222187120621,no notch,Sand,88.14,6.57,5.29,0.86065408,23.864,10,yes,155.5,-0.275,0.0017057852607064,8.25050846185825,0.506396883645436,0.0748357106348816,4.61957643408084,25.5,9.01894913596731,0.4,476171,1,247,-3.23,1,1688.55857853728,1610.646541,55.0150061945406,19.537009,0.807213,0.216470062627932,0.193282627520993,0.536888757862022,0.513693919339227,1
MD01Y1,139,2171283,McDavid Creek,30087f4,Hwy 99,27 May 2014,05 Jun 2015,18 Apr 2016,survey,30.7393499997028,-87.4480499996078,30.73935,-87.44805,31,Right,Profile area,2.815,1.49601366582439,1.32239315133829,Low,Extreme,Extreme,10.8604095365889,13.9271541816521,Ricoh,1.10185185185185,100,20,20,45,2.02545035786919,1,7.23459629842609,5.02523076923077,4.74689361702128,0,0,2.5,0,20.0321710425473,Moderate,23.9708142184445,Moderate,2.5,11.3,9.4,0,1.19,0.391,72,72,0.951056516295154,0.99598020662393,1.57999998967025,1.49,7.25956572769953,7.28886546079791,7.23038377347418,0.781534166722223,9.25152614094739,1.57166003267248,1.49601366582439,no notch,Loam,44.47,46.51,9.01,1.185574983,29.167,28.1666666666667,no,153,-0.19,0.0004827,2.40971885755229,0.333276757230056,0.0333184064114065,NaN,9.6,2.48120520036115,0.33,2171283,0,109,-2.36,1,1475.95356419447,1659.848926,46.030883202142,69.764324,1.434633,NaN,0.184252051224601,0.671797210967739,0.581469397992782,0
MD02Y1,140,2171283,McDavid Creek,30087f4,Hwy 99,20 Jun 2014,05 Jun 2015,19 May 2016,survey,30.7396599996093,-87.4476599996093,30.73966,-87.44766,31,Left,Profile area,1.14604166666667,1.50181476015899,4.0600125774863,Moderate,Very low,Moderate,9.95041672341052,6.62606358859426,Ricoh,1.23577235772358,100,11.5,11.5,30,4.36207111561511,1,8.62281396396396,3.703125,6,0,0,2.5,0,23.6880100795791,Moderate,23.8257129979197,Moderate,2.5,14.66,6,0,1.52,1.065,55,55,0.819152044288992,1.09201217320995,1.63999998004188,1.64,6.62559523809524,6.06732727037227,7.23523065476191,0.821287523865324,8.80961958451515,5.45354586292495,1.50181476015899,notch,Loam,47.7,43.94,8.36,1.516070245,43.182,30.6666666666667,no,161,-0.45,0.0013077,2.81689183733465,0.389329929030072,0.0695083173770672,NaN,26.9,8.68518198741773,0.075,2171283,0,28,-2.36,1,1496.44339580171,1659.848926,44.6284387830643,69.764324,1.434633,NaN,0.180304547670317,0.595484575947514,0.61034789881001,0
GC01Y1,141,896869,Gum Creek,30086g6,Old River Rd.,13 Jun 2014,12 Jun 2015,25 May 2016,survey,30.797022,-86.637482,30.79677,-86.63614,40,Right,Profile area,7.07587719298246,1.43392825143291,6.31727379553467,Low,Very low,Low,7.6267058873088,5.3187500000041,Ricoh,1.00952380952381,100,21,21,22,1.05352193787568,1,7.09279355951696,5.13316666666667,6.84335668744179,0,0,2.5,0,21.1228388515011,Moderate,22.4575427262493,Moderate,2.5,12.2,10.1,0,1.59,0.411,135,73,1,1.09838131609871,1.575,1.575,5.31875,4.84235294432305,5.842015625,0.777327630316535,7.51551263219742,13.1647933344244,1.43392825143291,no notch,Sandy Loam,69.7,17.33,12.97,1.05070612,45.455,9.66666666666667,no,161,-0.34,0.00295261601235062,2.41763690665171,0.413836090459226,0.131468999503141,119.231404081693,33.6,2.371966252725,0.32,896869,1,355,-2.92,1,1436.52444647341,1623.711908,47.3028295318111,15.915622,1.545479,0.00838705211686376,0.164203562998848,0.56178292146373,0.602561016214084,1
PD01Y1,142,896269,Pond Creek,30086h4,Hwy 2,07 Jun 2014,12 Jun 2015,05 May 2016,survey,30.90761,-86.39165,30.90755,-86.39156,51,Left,Profile area,4.52929104477612,1.82161669612891,2.76768760567044,High,Low,High,24.3589752635395,13.7980282997613,Ricoh,1.21495818650397,100,35,35,40,4.15811544797065,1,5.5291914893617,3.504625,5.12034042553192,5,0,2.5,0,24.3122723628643,Moderate,28.8709683043302,Moderate,2.5,11.9,6.1,0,2.31,1.88,118,51,1,1.07942576732995,1.96629986366581,1.9663,13.3721739130435,12.3882292953972,14.4342690869565,0.929382875300804,15.5310254477034,4.24156312160947,1.82161669612891,no notch,Loamy Sand,82.11,14.92,2.97,1.150665302,34.831,7.83333333333333,yes,134,-0.9337,0.000978619158495515,5.9086553866645,0.409349122637864,0.0532463275281183,19.6962160731061,37.01,2.80860892603018,0.12,896269,1,248,-3.1,1,1343.81309725187,1572.347291,47.9206127536857,86.106791,1.519297,0.0507711733202113,0.16920895746841,0.505850808784182,0.516053682732444,1
GM01Y1,143,2410480,Grab Mill Creek,31086b7,CR 53,18 Jun 2014,18 Jun 2015,01 Jun 2016,survey,31.141284,-86.77791,31.14134,-86.77797,33,Left,Profile area,-0.1365625,1.32740426517369,0.876401222885427,Low,Extreme,Extreme,6.51281421248436,7.83682985615244,Ricoh,2.2289156626506,100,20,20,63,8.35706494545772,1,7.23459629842609,4.13907692307692,3.32695430508475,0,0,2.5,0,24.0576924720455,Moderate,26.4810392635932,Moderate,2.5,1.66,2.97,0,1.85,0.99,62,62,0.882947592858927,0.930387247051972,1.39499969699516,1.235,4.90642857142857,5.27353377529098,4.56487857142857,0.674559123942789,6.76720306553252,21.6123503406043,1.32740426517369,notch,Sandy Clay Loam,55.92,23.91,20.17,1.240092931,37.374,17.625,yes,253.5,-1.15,0.00581228456288853,1.85992330047916,0.407442009984748,0.231688397478436,2.13196248516022,4.3,0.651617813946806,0.065,2410480,1,342,-2.87,1,1391.23944223599,1580.730017,42.7334664680253,8.489731,1.572888,0.469051405435424,0.165769834185324,0.506498969350349,0.472035428937226,1
HH01Y1,144,896227,Horsehead Creek,30086h4,Millside Rd,17 Jun 2014,18 Jun 2015,01 Jun 2016,ts,30.92696,-86.43731,30.92695,-86.43726,52,Right,Profile area,49.1023232344133,1.46564521590199,1.46239728007999,Low,Extreme,Extreme,25.0755685895847,30.1782248352479,Ricoh,1.76756517896597,35,15,5.25,10,7.26837218624835,5.42877370916754,9.94343192567568,2.9,10,10,10,8.5,0,55.5405778210916,Extreme,58.3813670604754,Extreme,8.5,1.9,3.8,1,4,5.1,50,38,0.766044443118978,1.73417957662816,3.14676999949286,2.541692,17.1088939652784,9.86569914434348,29.6698944932825,1.44187828775638,20.5772531185347,18.8700027742794,1.46564521590199,notch,Sand,93.37,6.22,0.41,1.517300695,9.09,32.3333333333333,yes,0.09,-0.62,0.00185165823635249,17.7749133252399,0.599089198961062,0.0729752281364592,19.8599852414021,25.02,0,0.03,896227,1,100,-3.07,0,1301.1672893273,1572.962443,46.5400636980264,68.422024,1.564328,0.0503525046894446,0.135514517928984,0.161197729248696,0.0728041705394234,1
HH02Y1,145,896227,Horsehead Creek,30086h4,Millside Rd,17 Jun 2014,18 Jun 2015,01 Jun 2016,ts,30.9266,-86.4371,30.92663,-86.43706,52,Left,Profile area,7.02794283282433,1.57407116965893,1.12918586007697,Moderate,Extreme,Extreme,26.2766676391507,31.1221906353529,Ricoh,1.77416595380667,28,25,7,7,7.29538363295886,6.23256615519629,9.55375855855856,2.8,10,10,5,2.5,0,50.8817083467137,Extreme,54.7414899812925,Extreme,2.5,10.95,6.45,0,4.148,4.95,50,36,0.766044443118978,1.48537184662788,2.91033199676031,2.338081,16.693443184557,11.2385617261124,24.7959705296231,1.26097105787784,19.6641868778128,8.26505456692214,1.57407116965893,notch,Sand,90.61,7.68,1.71,1.547782258,5.7851,29.75,yes,137.309,-1.831,0.00110591430317076,12.718754888059,0.51293636088429,0.0519958435589916,7.51350470533407,18.85,2.68892049737139,0.08,896227,1,291,-3.07,0,1301.1672893273,1572.962443,46.5400636980264,68.422024,1.519846,0.133093681207129,0.150275050423158,0.548708947116477,0.498608003365121,1
LC01Y1,146,NaN,Larson Creek,30086g3,Shoal River Sanctuary,13 Jun 2014,19 Jun 2015,25 May 2016,survey,30.7874300000945,-86.3537399998011,30.78743,-86.35374,56,Right,Profile area,0.596666666666667,1.89925724924305,1.53010770234987,High,Very high,Very high,4.08373628889874,3.63811311943193,Ricoh,1.30985915492958,100,21,21,43,4.95940119148409,1,7.09279355951696,3.234375,4.89372323404255,0,0,2.5,0,21.1802929850436,Moderate,24.727439332519,Moderate,2.5,8.25,3.8,0,0.465,0.458,146,45,1,0.18823147845953,0.357499748539052,0.3575,2.15017543859649,11.4230385703461,0.404730701754386,0.160185447380492,2.52663839551555,6.0440208952814,1.89925724924305,no notch,Sandy Clay,52.64,6.22,41.14,1.118017711,31.818,19.8333333333333,no,132.5,-0.3025,0.0188,0.0704719726933872,0.174120649577392,0.974427109170027,NaN,3.29,2.31705341048993,0.11,NaN,0,72,-3.11,0,1558.85993836295,1599.316253,50.6430612118575,0.067322,1.539014,NaN,0.181715015355776,0.570229341144847,0.51447815526389,0
CN01Y1,147,2217144,Chestnut Creek,30086h1,Hwy 181,23 Jun 2014,22 Jun 2015,02 Jun 2016,ts,30.9519628174301,-86.0643362183418,30.9519,-86.06438,50,Right,Profile area,2.94910815498231,1.58491316388162,0.895409175605852,Moderate,Extreme,Extreme,16.9747168732559,17.3081167084445,Ricoh,1.79377902169073,100,50,50,23,7.37387872644928,1,4.38229787234043,2.5,6.72337445375743,5,0,2.5,0,26.9795510525471,Moderate,26.6220978280132,Moderate,2.5,11.65,10.45,0,4.23,7.4,102,30,1,1.6278538526876,2.5835119909498,2.580007,10.7101873213564,6.57932977439823,17.434619694076,1.24837109692612,13.9658950267316,11.9626908237413,1.58491316388162,notch,Loamy Sand,85.78,9.9,4.32,1.299497992,72.727,11.6666666666667,yes,14,-0.14,0.00142597795172949,9.1598330659613,0.52538186818458,0.0632667262020239,3.16999058631289,9.59,14.4659782308974,0.13,2217144,1,257,-3.33,0,1316.92663871177,1526.115265,39.6732000418637,53.955485,1.507053,0.315458350039812,0.164589722049588,0.474923436837929,0.514123282150966,1
CN02Y1,148,2217144,Chestnut Creek,30086h1,Hwy 181,23 Jun 2014,22 Jun 2015,02 Jun 2016,ts,30.952074,-86.064531,30.95212,-86.0644,50,Left,Profile area,2.24586979957762,1.60672045460992,1.68366981984893,Moderate,Very high,Very high,16.9196794551975,16.2136721205436,Ricoh,1.06561611986567,100,30,30,42,1.56802751576038,1,6,3.143625,4.96820017021277,10,0,2.5,0,26.6798526859731,Moderate,28.218950102381,Moderate,2.5,3.6,19.2,0,2.64,2.85,126,43,1,1.6153556722038,2.59542487727253,2.595425,10.5305682806566,6.51904002434956,17.0106132036881,1.23612147032502,13.7612796250642,18.9513630023165,1.60672045460992,notch,Sand,92.44,4.2,3.36,1.236269947,51.515,34.125,yes,3,-0.03,0.00217712187810442,9.34509974017398,0.549368775144911,0.0874752024532398,4.33750453016751,17.73,15.3606045531989,0.08,2217144,1,90,-3.33,0,1316.92663871177,1526.115265,39.6732000418637,53.955485,1.507053,0.230547309644281,0.168149388580766,0.380457809496923,0.452993747015339,1
MO01Y1,149,448330,Moore Creek,30087g2,Annie Penton Rd.,20 Jun 2014,22 Jun 2015,02 Jun 2016,ts,30.8453127169084,-87.2247795870083,30.84528,-87.2245,89,Right,Pins,-1.13333333333333,1.26808755468248,8.71236403592635,Low,Very low,Low,6.29796324681202,4.96650505208134,Ricoh,3.59799948067783,100,8,8,7.5,10,1,9.33696216216216,5.48020512820513,10,0,0,2.5,1,5,Very low,5,Very low,0,13.2,4.3,0,3.187,0.71,76,76,0.970295726275996,0.903040957835702,3.56011097293521,1.145135,4.96650505208134,5.49975613950496,4.48495747932739,0.66222220558883,6.77258696775275,26.479315363897,1.26808755468248,notch,Sandy Loam,72.39,15.45,12.16,1.563579226,16.327,36.1666666666667,no,0,-2.381,0.00723562807555111,1.85291638875739,0.413140235397566,0.275393697325996,28.2043127046927,43.27,13.0412424091065,0.08,448330,1,158,-2.53,1,1453.62296407836,1683.961426,48.7000113827827,36.976226,1.481139,0.0354555705884518,0.184091524467368,0.427474822325158,0.453112142244668,1
LM01Y1,150,2178383,Little Moccasin Creek,30085d5,Gainer Rd.,26 Jun 2014,25 Jun 2015,28 May 2016,survey,30.4009399997812,-85.5246600003587,30.40094,-85.52466,28,Left,Profile area,2.64765625,1.36092272064242,1.2648,Low,Extreme,Extreme,5.67051133601007,8.26375503154327,Ricoh,1,100,65,65,40,1,1,3.1544406779661,3.143625,5.12034042553192,10,0,2.5,0,23.418406103498,Moderate,25.0301311989919,Moderate,2.5,8.6,6,0,0.82,0.728,126,43,1,0.66499,0.999999955001937,0.905,4.16666666666667,6.26575838233157,2.77079166666667,0.504087643739152,5.49664666666667,7.11174957934948,1.36092272064242,notch,Sand,91.9,5.17,2.93,0.84009324,68.18181818,20.8333333333333,no,152,-0.215,0.0034825,0.867458113029106,0.313072297518738,0.17570208040356,NaN,5.27,7.44210365396742,0.18,2178383,0,257,-3.63,0,1403.43840068838,1586.919992,44.1919208768183,5.240448,1.428178,NaN,0.199763858371021,0.479748809441594,0.490417605701859,0
MN01Y1,151,2178385,Moccasin Creek,30085d5,Gainer Rd.,26 Jun 2014,25 Jun 2015,28 May 2016,survey,30.4007129245619,-85.5249737000762,30.40082,-85.5248,28,Left,Profile area,4.93365384615385,1.64855454737286,2.0208,Moderate,Moderate,Moderate,10.3034659210804,7.97299843321748,Ricoh,1,100,85,85,60,1,1,1.70651483050847,3.651,3.58481355932203,10,0,2.5,0,20.9423283898305,Moderate,22.9143220338983,Moderate,2.5,5.8,11.8,0,1.075,0.635,110,54,1,0.75824,1.24999998948115,1.25,6.25,8.24277273686432,4.739,0.610186339242488,7.76648,5.14158380034422,1.64855454737286,notch,Sand,96.05,2.26,1.68,1.16053767,75,15.375,no,176,-0.245,0.0020625,1.5883909462037,0.335174287023359,0.109896549463203,NaN,12.63,1.74751665551949,0.4,2178385,0,23,-3.63,0,1407.98879569374,1582.427513,44.1919208768183,10.391306,1.428178,NaN,0.191564658918621,0.411644535308141,0.349673214234045,0
WC01Y1,152,10362274,Willacoochee Creek,30084g5,Old Faceville Rd.,25 Jun 2014,25 Jun 2015,26 May 2016,survey,30.76232,-84.607268,30.76227,-84.60722,63,Right,Profile area,1.65589430894309,1.59820975114271,0.666188679245283,Moderate,Extreme,Extreme,9.30825459456744,8.20633249521255,Ricoh,1.50612244897959,100,35,35,60,6.03124792867619,1,5.5291914893617,3.813875,3.58481355932203,0,0,2.5,0,19.9591279773599,Low,24.5680827807118,Moderate,2.5,8,5.4,0,1.845,1.19,100,57,1,0.921343396226415,1.47249999998502,1.4725,5.82417582417582,6.32139531040234,5.36606593406593,0.699903754950229,7.66686261662866,2.30119427716444,1.59820975114271,notch,Sandy Loam,73.15,15.8,11.05,1.183996024,34.545,16.1666666666667,yes,189.5,-0.815,0.000778,1.75623484585524,0.327285364629227,0.049869355722132,NaN,3.88,6.43398813374768,0.283333333333333,10362274,1,49,-4.3,0,1318.91458942024,1397.542993,37.5261791878978,7.425613,1.568803,NaN,0.19115322248827,0.521777774740072,0.645345375625816,1
WC02Y1,153,10362274,Willacoochee Creek,30084g5,Old Faceville Rd.,25 Jun 2014,25 Jun 2015,26 May 2016,survey,30.762501,-84.607279,30.76274,-84.6073,63,Left,Profile area,4.95470297029703,1.92475182202013,2.23871559633028,High,Low,High,9.99037850477113,6.03152280736571,Ricoh,1.01831501831502,100,20,20,40,1.11291381999428,1,7.23459629842609,6.36397012187131,5.12034042553192,0,0,2.5,0,20.8318206658236,Moderate,20.7796157652715,Moderate,2.5,9.75,3.81,0,1.39,0.169,106,82,1,0.709182339449541,1.36499954850845,1.365,5.19047619047619,7.31895861155394,3.68099404761905,0.556980281470601,6.60884086937527,1.51280580944874,1.92475182202013,notch,Sandy Loam,74.45,16.76,8.79,1.145051308,53.846,27,yes,194.5,-0.675,0.000778,1.02892854093338,0.279524641339453,0.0544061791047614,NaN,11.62,4.89785720263347,0.0833333333333333,10362274,1,200,-4.3,0,1318.91458942024,1397.542993,37.5261791878978,7.425613,1.568803,NaN,0.194900249384955,0.518427620102925,0.659902257902923,1
AB01C1,154,477047,Anderson Branch,30086e5,Eglin AFB,NaT,NaT,NaT,ts,30.5597300001394,-86.5120800000919,30.55973,-86.51208,23,Left,Chris,0.298704,1.71527777777778,1.14864864864865,Moderate,Extreme,Extreme,7.73768666666667,8.50794605548298,,NaN,100,80,80,80,NaN,1,2,NaN,2,0,0,2.5,0,17.4,Low,NaN,<undefined>,2.5,0,NaN,0,0.59436,NaN,50,NaN,NaN,0.438912,0.752856,0.752856,4.51104,10.2777777777778,1.895222016,0.341643956043956,5.54736,5.15299562364444,1.71527777777778,,,NaN,NaN,NaN,NaN,NaN,NaN,,NaN,NaN,0.005,0.473959105963298,0.250081046949646,0.267948417327432,NaN,5.1816,NaN,NaN,477047,0,NaN,0,0,NaN,1711.197479,NaN,3.448174,1.539014,NaN,NaN,0.275605738896181,0.418113320675194,0
BE01C1,155,789172,Bear Head Creek,31086a6,312,NaT,NaT,NaT,ts,31.1124399999061,-86.7131699995958,31.11244,-86.71317,61,Left,<undefined>,NaN,NaN,NaN,<undefined>,<undefined>,<undefined>,NaN,NaN,,NaN,NaN,NaN,NaN,NaN,NaN,NaN,NaN,NaN,NaN,0,0,2.5,0,NaN,<undefined>,NaN,<undefined>,2.5,0,NaN,0,NaN,NaN,NaN,NaN,NaN,NaN,NaN,NaN,NaN,NaN,NaN,NaN,NaN,NaN,NaN,,,NaN,NaN,NaN,NaN,NaN,NaN,,NaN,NaN,0.001755,NaN,NaN,NaN,NaN,NaN,NaN,NaN,789172,0,NaN,0,0,NaN,1561.52334,NaN,10.545366,1.572888,NaN,NaN,0.508800061263033,0.507087591157942,0
BH01C1,156,476857,Bullhide Creek,30086f3,,NaT,NaT,NaT,ts,30.7096570000706,-86.2501170001994,30.709657,-86.250117,45,Left,Chris,5.315712,1.53211009174312,3.04347826086957,Moderate,Very low,Moderate,6.44442275229358,4.25335456125589,,NaN,100,85,85,90,NaN,1,1.70651483050847,NaN,1.43912429378531,0,0,2.5,0,26.7,Moderate,NaN,<undefined>,2.5,0,NaN,0,1.24968,NaN,100,NaN,NaN,0.664464,1.018032,1.018032,4.20624,6.3302752293578,2.7183429504,0.490024615384615,5.54736,4.63145296956299,1.53211009174312,,,NaN,NaN,NaN,NaN,NaN,NaN,,NaN,NaN,0.00248,0.800818414134606,0.29459800648655,0.137365913084306,NaN,12.8016,NaN,NaN,476857,0,NaN,0,0,NaN,1605.767993,NaN,7.628739,1.539014,NaN,NaN,0.601480736963453,0.512392129362375,0
BR01C1,157,2178909,Bear Creek,30085d4,Hwy 20,NaT,NaT,NaT,ts,30.4344779995601,-85.4084529996062,30.434478,-85.408453,39,Left,Chris,1.64592,1.8495145631068,1.29707112970711,High,Extreme,Extreme,13.4731957281553,14.1828043597371,,NaN,100,70,70,90,NaN,1,2.73166101694915,NaN,1.43912429378531,0,0,2.5,0,14.9,Low,NaN,<undefined>,2.5,0,NaN,0,0.82296,NaN,50,NaN,NaN,0.627888,1.161288,1.161288,7.28472,11.6019417475728,3.5619025536,0.414986931818182,8.583168,2.45439557972298,1.8495145631068,,,NaN,NaN,NaN,NaN,NaN,NaN,,NaN,NaN,0.002,0.911384949275743,0.255870264714179,0.124363743658153,NaN,9.4488,NaN,NaN,2178909,0,NaN,0,0,NaN,1588.561112,NaN,20.472389,1.570515,NaN,NaN,0.570148864439482,0.567504184217068,0
BR02C1,158,2178959,Bear Creek,30085c4,,NaT,NaT,NaT,ts,30.3200800003918,-85.4546100003512,30.32008,-85.45461,18,Left,Chris,18.208752,1.51394422310757,1.97339246119734,Moderate,High,High,20.8114039840637,17.9569304029622,,NaN,100,100,100,75,NaN,1,1,NaN,2.33925423728814,0,0,2.5,0,20.6,Moderate,NaN,<undefined>,2.5,0,NaN,0,2.7432,NaN,80,NaN,NaN,1.530096,2.31648,2.31648,13.74648,8.98406374501992,23.3391017088,1.37471913824057,16.97736,1.72298986340669,1.51394422310757,,,NaN,NaN,NaN,NaN,NaN,NaN,,NaN,NaN,0.00023,10.49834438637,0.449817842921163,0.0153298344544535,NaN,27.1272,NaN,NaN,2178959,0,NaN,0,0,NaN,1581.908505,NaN,147.542768,1.428178,NaN,NaN,0.300308239172701,0.666999648153189,0
BW01Y1,159,792098,Ates Creek,30086f7,Norman Rally Road,16 Dec 2013,NaT,NaT,survey,30.7434600003788,-86.8074299999945,30.74346,-86.80743,24,Right,<undefined>,NaN,1.73003866861428,NaN,Moderate,<undefined>,Moderate,6.27532207979176,NaN,GPS,1.05882352941176,100,20,20,80,1.49087455051224,1,7.23459629842609,6,2,0,0,2.5,0,17.7254708489383,Low,NaN,<undefined>,2.5,7,3.6,0,0.72,0,80,80,0.984807753012208,0.508659147869676,0.879999994958928,0.879999994958928,3.62727272727271,7.13104785879533,1.84504545454545,0.430633232427488,4.28449389320211,7.89880764843272,1.73003866861428,notch,Sandy Loam,63.05,29.02,7.93,0.254441837,NaN,NaN,no,162,-0.03,0.0053508,0.545880341282704,0.295862814619484,0.258234639860811,NaN,NaN,8.83350736366469,0.2625,792098,0,87,-2.8,0,NaN,1657.49818,NaN,9.818368,1.508533,NaN,NaN,0.553805505250322,0.575328609365414,0
CL01C1,160,792116,Big Coldwater Creek,30086f8,,NaT,NaT,NaT,ts,30.7128109998278,-86.9751029999035,30.712811,-86.975103,14,Left,Chris,4.77012,2.33887733887734,1.84210526315789,High,High,High,81.2694386694387,48.7290699301715,,NaN,100,NaN,95,90,NaN,1,1.20217161016949,NaN,1.43912429378531,0,0,2.5,0,16.1,Low,NaN,<undefined>,2.5,0,NaN,0,2.95656,NaN,75,NaN,NaN,1.466088,3.429,3.429,34.7472,23.7006237006237,51.9959734272,1.38018174757282,37.67328,2.59543719016791,2.33887733887734,,,NaN,NaN,NaN,NaN,NaN,NaN,,NaN,NaN,0.00037,24.8486636508934,0.477895921800257,0.0219351375611531,NaN,64.008,NaN,NaN,792116,0,NaN,0,0,NaN,1680.436889,NaN,607.39546,1.573463,NaN,NaN,0.44504708363177,0.418343936684612,0
CR01C1,161,2134150,Chipola River Reach 15,30085f2,,NaT,NaT,NaT,ts,30.6796300003243,-85.1958699998006,30.67963,-85.19587,21,Left,Chris,37.7952,3.02631578947368,2.16216216216216,Extreme,Moderate,Extreme,136.518315789474,53.9995577290391,,NaN,12.19512195,NaN,5,10,NaN,8.49093701245685,10,NaN,10,0,0,2.5,0,42.7,Very high,NaN,<undefined>,2.5,0,NaN,0,2.49936,NaN,50,NaN,NaN,1.15824,3.5052,3.5052,45.1104,38.9473684210526,104.497339392,2.10072941176471,49.74336,3.11991424602247,3.02631578947368,,,NaN,NaN,NaN,NaN,NaN,NaN,,NaN,NaN,0.000228,62.9301710880765,0.602217926831678,0.0129558708883002,NaN,97.536,NaN,NaN,2134150,0,NaN,0,0,NaN,1416.610346,NaN,1503.717589,1.562848,NaN,NaN,0.256189791994704,0.370449098128173,0
ER01C1,162,448270,Big Escambia River,30087h2,,NaT,NaT,NaT,ts,30.98023,-87.22916,30.980214,-87.228956,24,Left,Chris,62.97168,2.41258741258741,1.00970873786408,High,Extreme,Extreme,75.7417342657343,54.4375663699856,,NaN,36.23188406,NaN,10,10,NaN,5.29117866831817,8.91936936936937,NaN,10,0,0,2.5,0,35,High,NaN,<undefined>,2.5,0,NaN,0,4.20624,NaN,80,NaN,NaN,1.743456,4.20624,4.20624,31.3944,18.006993006993,69.49147392,1.95532075471698,35.53968,6.08890603867629,2.41258741258741,,,NaN,NaN,NaN,NaN,NaN,NaN,,NaN,NaN,0.00045044,43.2642255531503,0.62258321938828,0.0222909791441452,NaN,31.6992,NaN,NaN,448270,0,NaN,0,0,NaN,1582.563563,NaN,883.974403,1.017798,NaN,NaN,0.286983722972595,0.286983722972595,0
FS01C1,163,18514402,Fish River,30087e7,Hwy 90,NaT,NaT,NaT,ts,30.54446,-87.797817,30.54515,-87.797636,18,Right,Chris,8.409432,1.65377532228361,4.52488687782805,Moderate,Very low,Moderate,22.2799257458564,13.4722089335718,,NaN,58.13953488,NaN,90,50,NaN,3.52198602995957,1.43912429378531,NaN,4.38229787234043,0,0,2.5,0,28,Moderate,NaN,<undefined>,2.5,0,NaN,0,2.62128,NaN,90,NaN,NaN,1.655064,2.737104,2.737104,13.47216,8.13996316758748,21.900665359872,1.32863492307692,16.483584,4.54705745574575,1.65377532228361,,,NaN,NaN,NaN,NaN,NaN,NaN,,NaN,NaN,0.00058,10.7674807645621,0.49165085113309,0.0312744062957062,NaN,60.96,NaN,NaN,18514402,0,NaN,0,0,NaN,1711.493384,NaN,145.814707,1.149555,NaN,NaN,0.417812390373774,0.617587405909821,0
GU01C1,164,897861,Gum Creek,30086f4,,NaT,NaT,NaT,ts,30.7065079996445,-86.3923559999294,30.706508,-86.392356,49,Left,Chris,0.423672,1.62162162162162,0.985221674876847,Moderate,Extreme,Extreme,10.0336864864865,10.5685635921041,,NaN,100,NaN,85,95,NaN,1,1.70651483050847,NaN,1.20217161016949,0,0,2.5,0,22,Moderate,NaN,<undefined>,2.5,0,NaN,0,1.524,NaN,90,NaN,NaN,0.902208,1.46304,1.46304,6.18744,6.85810810810811,3.7124054784,0.491121290322581,7.55904,6.54114571003492,1.62162162162162,,,NaN,NaN,NaN,NaN,NaN,NaN,,NaN,NaN,0.0036,1.14613756686855,0.308731784159126,0.181969073604848,NaN,6.096,NaN,NaN,897861,0,NaN,0,0,NaN,1619.0353,NaN,12.250896,1.539014,NaN,NaN,0.523735560147125,0.500936287298825,0
HK01C1,165,897489,Hicks Creek,30086e8,736,NaT,NaT,NaT,ts,30.5398469996394,-86.9471309995959,30.539847,-86.947131,8,Left,Chris,2.938272,1.39784946236559,5.53333333333333,Low,Very low,Low,6.39096774193548,4.57200000631905,,NaN,100,NaN,90,100,NaN,1,1.43912429378531,NaN,1,0,0,2.5,0,15.8,Low,NaN,<undefined>,2.5,0,NaN,0,0.48768,NaN,90,NaN,NaN,0.283464,0.39624,0.39624,4.572,16.1290322580645,3.046253520384,0.564010726862302,5.401056,8.41683686938947,1.39784946236559,,,NaN,NaN,NaN,NaN,NaN,NaN,,NaN,NaN,0.00377,1.04061050488517,0.34160338196474,0.178753024218302,NaN,25.2984,NaN,NaN,897489,0,NaN,0,0,NaN,1685.296458,NaN,0.516542,1.658965,NaN,NaN,0.354573705543587,0.295309061167959,0
JU01C1,166,476941,Juniper Creek,30086e5,,NaT,NaT,NaT,ts,30.557143999596,-86.5199780000846,30.557144,-86.519978,22,Left,Chris,13.30452,1.27027027027027,2.70893371757925,Low,Low,Low,13.4350897297297,10.9899920812477,,NaN,100,NaN,95,95,NaN,1,1.20217161016949,NaN,1.20217161016949,0,0,2.5,0,20.5,Moderate,NaN,<undefined>,2.5,0,NaN,0,1.28016,NaN,75,NaN,NaN,1.12776,1.43256,1.43256,10.57656,9.37837837837838,10.4255791488,0.836299657701711,12.46632,1.9254496231938,1.27027027027027,,,NaN,NaN,NaN,NaN,NaN,NaN,,NaN,NaN,0.00056,3.70734493477865,0.355600862250935,0.0363323377410852,NaN,28.6512,NaN,NaN,476941,0,NaN,0,0,NaN,1696.204736,NaN,71.216047,1.539014,NaN,NaN,0.69711896703346,0.500876798781821,0
LD01C1,167,2188549,Little Double Bridges,31085c8,,NaT,NaT,NaT,ts,31.27300000005,-85.9591900001184,31.273,-85.95919,72,Left,Chris,15.27048,1.59710144927536,1.44927536231884,Moderate,Extreme,Extreme,16.79448,18.6976109559073,,NaN,100,NaN,55,50,NaN,1,4,NaN,4.38229787234043,0,0,2.5,0,18.5,Low,NaN,<undefined>,2.5,0,NaN,0,1.524,NaN,75,NaN,NaN,1.05156,1.679448,1.679448,10.5156,10,10.777458703104,0.852437716489875,12.643104,5.12708146799585,1.59710144927536,,,NaN,NaN,NaN,NaN,NaN,NaN,,NaN,NaN,0.00128,4.29406615203259,0.398430304427505,0.0674274766886168,NaN,15.24,NaN,NaN,2188549,0,NaN,0,0,NaN,1422.359478,NaN,55.772813,1.586184,NaN,NaN,0.46468974018279,0.499337068874288,0
LE01C1,168,2413568,Little Escambia River,31087a2,,NaT,NaT,NaT,ts,31.0089300001195,-87.1811699995958,31.00893,-87.18117,20,Left,Chris,28.184856,1.9554367201426,1.96703296703297,High,High,High,54.2375572192513,36.3508721135776,,NaN,100,NaN,90,95,NaN,1,1.43912429378531,NaN,1.20217161016949,0,0,2.5,0,18.7,Low,NaN,<undefined>,2.5,0,NaN,0,2.65176,NaN,90,NaN,NaN,1.709928,3.343656,3.343656,27.7368,16.2210338680927,10.897526592,0.378739830508475,28.77312,0.570376207278895,1.9554367201426,,,NaN,NaN,NaN,NaN,NaN,NaN,,NaN,NaN,0.0007,2.30406188806637,0.211429801855938,0.0581802552550975,NaN,54.5592,NaN,NaN,2413568,0,NaN,0,0,NaN,1631.315892,NaN,357.726488,1.572888,NaN,NaN,0.559244059826101,0.439782788192559,0
LR01C1,169,476951,Little Rocky Creek,30086e4,477,NaT,NaT,NaT,ts,30.5459169998697,-86.3801890000223,30.545917,-86.380189,28,Left,Chris,19.251168,1.57714285714286,2.0979020979021,Moderate,Moderate,Moderate,13.7483958857143,10.7264680695195,,NaN,100,NaN,90,90,NaN,1,1.43912429378531,NaN,1.43912429378531,0,0,2.5,0,21,Moderate,NaN,<undefined>,2.5,0,NaN,0,1.43256,NaN,80,NaN,NaN,1.0668,1.682496,1.682496,8.71728,8.17142857142857,7.830667177344,0.760994232227488,10.290048,0.785870363232457,1.57714285714286,,,NaN,NaN,NaN,NaN,NaN,NaN,,NaN,NaN,0.00029,2.40828750877444,0.307545634903523,0.0228891273668118,NaN,18.288,NaN,NaN,476951,0,NaN,0,0,NaN,1685.738509,NaN,49.877075,1.54012,NaN,NaN,0.546297685113274,0.543294206451928,0
LS01C1,170,2295896,Little Sweetwater Creek,30084d8,,NaT,NaT,NaT,ts,30.4734720000328,-84.982536000436,30.473472,-84.982536,54,Left,Chris,1.274064,1.47058823529412,1.53846153846154,Low,Very high,Very high,6.99247058823529,8.00395207212114,,NaN,100,NaN,90,90,NaN,1,1.43912429378531,NaN,1.43912429378531,0,0,2.5,0,14.8,Low,NaN,<undefined>,2.5,0,NaN,0,0.48768,NaN,70,NaN,NaN,0.51816,0.762,0.762,4.75488,9.1764705882353,2.275362675072,0.406153462459195,5.602224,2.3666460569339,1.47058823529412,,,NaN,NaN,NaN,NaN,NaN,NaN,,NaN,NaN,0.002,0.57361077612317,0.252096416280108,0.125387954931617,NaN,7.3152,NaN,NaN,2295896,0,NaN,0,0,NaN,1504.091003,NaN,7.76888,1.520044,NaN,NaN,0.608671907355279,0.613641551777482,0
MR01C1,171,897489,Moore Creek,30086e8,,NaT,NaT,NaT,ts,30.5584779999598,-86.8919940002229,30.558478,-86.891994,13,Left,Chris,0.649224,1.23636363636364,1.11111111111111,Low,Extreme,Extreme,4.40907054545455,6.57700675832105,,NaN,100,NaN,95,95,NaN,1,1.20217161016949,NaN,1.20217161016949,0,0,2.5,0,15.4,Low,NaN,<undefined>,2.5,0,NaN,0,0.3048,NaN,90,NaN,NaN,0.33528,0.414528,0.414528,3.56616,10.6363636363636,0.902906065152,0.21975446884273,4.108704,0.727986205030623,1.23636363636364,,,NaN,NaN,NaN,NaN,NaN,NaN,,NaN,NaN,0.0018,0.147036749486026,0.162848335126947,0.146322995074383,NaN,3.9624,NaN,NaN,897489,0,NaN,0,0,NaN,1684.065033,NaN,2.526135,1.54755,NaN,NaN,0.365566259237754,0.423775782229695,0
PN01C1,172,800799,Panther Creek,30086d7,,NaT,NaT,NaT,ts,30.4493500001025,-86.8120170001844,30.44935,-86.812017,14,Left,Chris,5.529072,1.75609756097561,2.17592592592593,Moderate,Moderate,Moderate,11.5615843902439,7.83707832258652,,NaN,100,NaN,95,100,NaN,1,1.20217161016949,NaN,1,0,0,2.5,0,10.4,Low,NaN,<undefined>,2.5,0,NaN,0,0.88392,NaN,45,NaN,NaN,0.499872,0.877824,0.877824,6.58368,13.1707317073171,4.358388186432,0.557255410756041,7.821168,0.613766131601985,1.75609756097561,,,NaN,NaN,NaN,NaN,NaN,NaN,,NaN,NaN,0.00037,1.11338235383043,0.255457363182215,0.0309947526791163,NaN,14.3256,NaN,NaN,800799,0,NaN,0,0,NaN,1688.114156,NaN,15.755757,1.502919,NaN,NaN,0.517194643340538,0.587124951985731,0
SR01C1,173,896891,Shoal River,30086g3,,NaT,NaT,NaT,ts,30.7948359998815,-86.3048439995509,30.794836,-86.304844,47,Left,Chris,16.690848,1.84052532833021,1.08601216333623,High,Extreme,Extreme,64.5701930206379,63.7310067648618,,NaN,60,NaN,90,90,NaN,3.43200549450549,1.43912429378531,NaN,1.43912429378531,0,0,2.5,0,28.8,Moderate,NaN,<undefined>,2.5,0,NaN,0,3.3528,NaN,90,NaN,NaN,1.624584,2.990088,2.990088,35.08248,21.5947467166979,34.6491177984,0.890197400156617,38.92296,1.81364980767109,1.84052532833021,,,NaN,NaN,NaN,NaN,NaN,NaN,,NaN,NaN,0.00051,12.718853605619,0.367075828008709,0.0330532319185309,NaN,38.1,NaN,NaN,896891,0,NaN,0,0,NaN,1576.497052,NaN,316.152505,0.807213,NaN,NaN,0.551473965913906,0.424700477710084,0
TL01C1,174,476199,Tallaperla Creek,30086f2,,NaT,NaT,NaT,ts,30.6497179995861,-86.1898239995779,30.649718,-86.189824,42,Left,Chris,3.816096,1.29285714285714,1.76100628930818,Low,Very high,Very high,3.13279971428571,3.56175782929932,,NaN,100,NaN,90,95,NaN,1,1.43912429378531,NaN,1.20217161016949,0,0,2.5,0,23.4,Moderate,NaN,<undefined>,2.5,0,NaN,0,1.00584,NaN,100,NaN,NaN,0.85344,1.103376,1.103376,2.42316,2.83928571428571,1.504443958848,0.434110796833773,3.465576,7.9834318121273,1.29285714285714,,,NaN,NaN,NaN,NaN,NaN,NaN,,NaN,NaN,0.0045,0.438261803977983,0.291311485150682,0.225822335108146,NaN,4.2672,NaN,NaN,476199,0,NaN,0,0,NaN,1611.122498,NaN,2.234713,1.506104,NaN,NaN,0.548202123392069,0.555070074343262,0
TU01C1,175,799161,Turtle Creek,30086e6,,NaT,NaT,NaT,ts,30.510760000074,-86.6698700002003,30.51076,-86.66987,17,Left,Chris,16.882872,1.9297520661157,0.921348314606742,High,Extreme,Extreme,26.1743851239669,22.272602859517,,NaN,100,NaN,90,95,NaN,1,1.43912429378531,NaN,1.20217161016949,0,0,2.5,0,20.6,Moderate,NaN,<undefined>,2.5,0,NaN,0,1.34112,NaN,65,NaN,NaN,0.737616,1.423416,1.423416,13.5636,18.3884297520661,8.81988945696,0.591993559738134,14.898624,4.17168103515295,1.9297520661157,,,NaN,NaN,NaN,NaN,NaN,NaN,,NaN,NaN,0.002,2.88423403443304,0.327014760049743,0.108612866205842,NaN,12.4968,NaN,NaN,799161,0,NaN,0,0,NaN,1685.343129,NaN,61.627308,0.528871,NaN,NaN,0.528505870444127,0.528505870444127,0
BW05C1,176,791758,Blackwater River,30086f7,Rileys Bluff,NaT,NaT,NaT,ts,30.723497,-86.798926,-86.798926,30.723497,0,Right,Chris,197.21,1.63307086614173,1.22577519379845,Moderate,Extreme,Extreme,102.737664,124.102126477281,,1.63244680851064,3.25839035516455,1,0.0326,1,6.66094820319221,10,10,NaN,10,0,0,8.5,0,44.6,Very high,NaN,<undefined>,8.5,0,NaN,0,9.354312,NaN,90,NaN,NaN,1.93548,3.160776,3.160776,62.91072,32.503937007874,121.7624,1.82329045929962,66.78168,5.19410064214241,1.63307086614173,,,NaN,NaN,NaN,NaN,NaN,NaN,,NaN,NaN,0.00046,72.4188474224902,0.594755420577208,0.0232597948936791,NaN,77.1144,NaN,NaN,791758,0,NaN,0,0,NaN,NaN,NaN,736.6734,NaN,NaN,NaN,0.12,0.12,0
